repo,date,views,uniques,clones,cloners
Nixz0824/AI2figma,2026-09-06,0,0,0,0
Nixz0824/AI2figma,2026-09-07,0,0,0,0
Nixz0824/AI2figma,2026-09-08,0,0,0,0
Nixz0824/AI2figma,2026-09-09,0,0,0,0
Nixz0824/AI2figma,2026-09-10,0,0,0,0
Nixz0824/AI2figma,2026-09-11,0,0,0,0
Nixz0824/AI2figma,2026-09-12,0,0,0,0
Nixz0824/AI2figma,2026-09-13,0,0,0,0
Nixz0824/AI2figma,2026-09-14,0,0,0,0
Nixz0824/AI2figma,2026-09-15,0,0,0,0
Nixz0824/AI2figma,2026-09-16,0,0,0,0
Nixz0824/AI2figma,2026-09-17,0,0,0,0
Nixz0824/AI2figma,2026-09-18,0,0,0,0
Nixz0824/AI2figma,2026-09-19,2,2,20,13
Nixz0824/AI2figma-source,2026-09-06,0,0,0,0
Nixz0824/AI2figma-source,2026-09-07,0,0,0,0
Nixz0824/AI2figma-source,2026-09-08,0,0,0,0
Nixz0824/AI2figma-source,2026-09-09,0,0,0,0
Nixz0824/AI2figma-source,2026-09-10,0,0,0,0
Nixz0824/AI2figma-source,2026-09-11,0,0,0,0
Nixz0824/AI2figma-source,2026-09-12,0,0,0,0
Nixz0824/AI2figma-source,2026-09-13,0,0,0,0
Nixz0824/AI2figma-source,2026-09-14,0,0,0,0
Nixz0824/AI2figma-source,2026-09-15,0,0,0,0
Nixz0824/AI2figma-source,2026-09-16,0,0,0,0
Nixz0824/AI2figma-source,2026-09-17,0,0,0,0
Nixz0824/AI2figma-source,2026-09-18,0,0,0,0
Nixz0824/AI2figma-source,2026-09-19,2,1,27,11
Nixz0824/AiDocks,2026-08-23,0,0,0,0
Nixz0824/AiDocks,2026-08-24,0,0,0,0
Nixz0824/AiDocks,2026-08-25,0,0,0,0
Nixz0824/AiDocks,2026-08-26,0,0,0,0
Nixz0824/AiDocks,2026-08-27,0,0,0,0
Nixz0824/AiDocks,2026-08-28,0,0,0,0
Nixz0824/AiDocks,2026-08-29,0,0,0,0
Nixz0824/AiDocks,2026-08-30,0,0,0,0
Nixz0824/AiDocks,2026-08-31,0,0,0,0
Nixz0824/AiDocks,2026-09-01,0,0,0,0
Nixz0824/AiDocks,2026-09-02,0,0,0,0
Nixz0824/AiDocks,2026-09-03,0,0,0,0
Nixz0824/AiDocks,2026-09-04,0,0,0,0
Nixz0824/AiDocks,2026-09-05,12,2,18,8
Nixz0824/AiDocks,2026-09-06,26,7,10,6
Nixz0824/AiDocks,2026-09-07,4,1,5,5
Nixz0824/AiDocks,2026-09-08,4,1,13,8
Nixz0824/AiDocks,2026-09-09,3,1,12,7
Nixz0824/AiDocks,2026-09-10,2,2,11,8
Nixz0824/AiDocks,2026-09-11,9,3,0,0
Nixz0824/AiDocks,2026-09-12,0,0,1,1
Nixz0824/AiDocks,2026-09-13,3,1,0,0
Nixz0824/AiDocks,2026-09-14,3,1,0,0
Nixz0824/AiDocks,2026-09-15,3,1,0,0
Nixz0824/AiDocks,2026-09-16,3,2,1,1
Nixz0824/AiDocks,2026-09-17,0,0,0,0
Nixz0824/AiDocks,2026-09-18,2,1,0,0
Nixz0824/AiDocks,2026-09-19,0,0,0,0
Nixz0824/MOYUhub,2026-08-23,0,0,1,1
Nixz0824/MOYUhub,2026-08-24,0,0,0,0
Nixz0824/MOYUhub,2026-08-25,0,0,0,0
Nixz0824/MOYUhub,2026-08-26,0,0,1,1
Nixz0824/MOYUhub,2026-08-27,0,0,0,0
Nixz0824/MOYUhub,2026-08-28,0,0,0,0
Nixz0824/MOYUhub,2026-08-29,0,0,0,0
Nixz0824/MOYUhub,2026-08-30,0,0,0,0
Nixz0824/MOYUhub,2026-08-31,0,0,2,2
Nixz0824/MOYUhub,2026-09-01,0,0,1,1
Nixz0824/MOYUhub,2026-09-02,0,0,3,3
Nixz0824/MOYUhub,2026-09-03,0,0,1,1
Nixz0824/MOYUhub,2026-09-04,0,0,0,0
Nixz0824/MOYUhub,2026-09-05,0,0,0,0
Nixz0824/MOYUhub,2026-09-06,0,0,0,0
Nixz0824/MOYUhub,2026-09-07,0,0,0,0
Nixz0824/MOYUhub,2026-09-08,0,0,0,0
Nixz0824/MOYUhub,2026-09-09,0,0,0,0
Nixz0824/MOYUhub,2026-09-10,0,0,0,0
Nixz0824/MOYUhub,2026-09-11,0,0,0,0
Nixz0824/MOYUhub,2026-09-12,0,0,1,1
Nixz0824/MOYUhub,2026-09-13,0,0,0,0
Nixz0824/MOYUhub,2026-09-14,0,0,0,0
Nixz0824/MOYUhub,2026-09-15,0,0,0,0
Nixz0824/MOYUhub,2026-09-16,0,0,0,0
Nixz0824/MOYUhub,2026-09-17,0,0,0,0
Nixz0824/MOYUhub,2026-09-18,0,0,0,0
Nixz0824/MOYUhub,2026-09-19,0,0,0,0
Nixz0824/PierceView,2026-08-25,0,0,0,0
Nixz0824/PierceView,2026-08-26,3,1,2,2
Nixz0824/PierceView,2026-08-27,3,1,0,0
Nixz0824/PierceView,2026-08-28,0,0,0,0
Nixz0824/PierceView,2026-08-29,0,0,1,1
Nixz0824/PierceView,2026-08-30,0,0,2,2
Nixz0824/PierceView,2026-08-31,0,0,2,2
Nixz0824/PierceView,2026-09-01,0,0,4,3
Nixz0824/PierceView,2026-09-02,0,0,2,2
Nixz0824/PierceView,2026-09-03,0,0,0,0
Nixz0824/PierceView,2026-09-04,4,2,2,2
Nixz0824/PierceView,2026-09-05,3,1,1,1
Nixz0824/PierceView,2026-09-06,0,0,2,2
Nixz0824/PierceView,2026-09-07,0,0,0,0
Nixz0824/PierceView,2026-09-08,0,0,0,0
Nixz0824/PierceView,2026-09-09,0,0,1,1
Nixz0824/PierceView,2026-09-10,27,1,0,0
Nixz0824/PierceView,2026-09-11,0,0,2,2
Nixz0824/PierceView,2026-09-12,0,0,1,1
Nixz0824/PierceView,2026-09-13,4,2,0,0
Nixz0824/PierceView,2026-09-14,0,0,1,1
Nixz0824/PierceView,2026-09-15,0,0,1,1
Nixz0824/PierceView,2026-09-16,0,0,0,0
Nixz0824/PierceView,2026-09-17,0,0,1,1
Nixz0824/PierceView,2026-09-18,0,0,0,0
Nixz0824/PierceView,2026-09-19,0,0,2,2
Nixz0824/RiftLens-LoL-Korean-Translator-Purely-Visual,2026-08-23,1,1,0,0
Nixz0824/RiftLens-LoL-Korean-Translator-Purely-Visual,2026-08-24,4,1,6,6
Nixz0824/RiftLens-LoL-Korean-Translator-Purely-Visual,2026-08-25,0,0,1,1
Nixz0824/RiftLens-LoL-Korean-Translator-Purely-Visual,2026-08-26,1,1,4,4
Nixz0824/RiftLens-LoL-Korean-Translator-Purely-Visual,2026-08-27,4,2,0,0
Nixz0824/RiftLens-LoL-Korean-Translator-Purely-Visual,2026-08-28,0,0,0,0
Nixz0824/RiftLens-LoL-Korean-Translator-Purely-Visual,2026-08-29,0,0,0,0
Nixz0824/RiftLens-LoL-Korean-Translator-Purely-Visual,2026-08-30,1,1,2,2
Nixz0824/RiftLens-LoL-Korean-Translator-Purely-Visual,2026-08-31,0,0,0,0
Nixz0824/RiftLens-LoL-Korean-Translator-Purely-Visual,2026-09-01,0,0,2,1
Nixz0824/RiftLens-LoL-Korean-Translator-Purely-Visual,2026-09-02,0,0,1,1
Nixz0824/RiftLens-LoL-Korean-Translator-Purely-Visual,2026-09-03,0,0,1,1
Nixz0824/RiftLens-LoL-Korean-Translator-Purely-Visual,2026-09-04,0,0,0,0
Nixz0824/RiftLens-LoL-Korean-Translator-Purely-Visual,2026-09-05,3,1,0,0
Nixz0824/RiftLens-LoL-Korean-Translator-Purely-Visual,2026-09-06,0,0,0,0
Nixz0824/RiftLens-LoL-Korean-Translator-Purely-Visual,2026-09-07,0,0,1,1
Nixz0824/RiftLens-LoL-Korean-Translator-Purely-Visual,2026-09-08,0,0,0,0
Nixz0824/RiftLens-LoL-Korean-Translator-Purely-Visual,2026-09-09,3,1,1,1
Nixz0824/RiftLens-LoL-Korean-Translator-Purely-Visual,2026-09-10,0,0,0,0
Nixz0824/RiftLens-LoL-Korean-Translator-Purely-Visual,2026-09-11,0,0,0,0
Nixz0824/RiftLens-LoL-Korean-Translator-Purely-Visual,2026-09-12,1,1,1,1
Nixz0824/RiftLens-LoL-Korean-Translator-Purely-Visual,2026-09-13,0,0,0,0
Nixz0824/RiftLens-LoL-Korean-Translator-Purely-Visual,2026-09-14,0,0,0,0
Nixz0824/RiftLens-LoL-Korean-Translator-Purely-Visual,2026-09-15,0,0,0,0
Nixz0824/RiftLens-LoL-Korean-Translator-Purely-Visual,2026-09-16,3,1,0,0
Nixz0824/RiftLens-LoL-Korean-Translator-Purely-Visual,2026-09-17,0,0,0,0
Nixz0824/RiftLens-LoL-Korean-Translator-Purely-Visual,2026-09-18,0,0,0,0
Nixz0824/RiftLens-LoL-Korean-Translator-Purely-Visual,2026-09-19,0,0,0,0
Nixz0824/ai-agent-learning-map,2026-08-23,0,0,1,1
Nixz0824/ai-agent-learning-map,2026-08-24,0,0,1,1
Nixz0824/ai-agent-learning-map,2026-08-25,0,0,1,1
Nixz0824/ai-agent-learning-map,2026-08-26,0,0,0,0
Nixz0824/ai-agent-learning-map,2026-08-27,0,0,0,0
Nixz0824/ai-agent-learning-map,2026-08-28,1,1,1,1
Nixz0824/ai-agent-learning-map,2026-08-29,0,0,0,0
Nixz0824/ai-agent-learning-map,2026-08-30,0,0,0,0
Nixz0824/ai-agent-learning-map,2026-08-31,0,0,0,0
Nixz0824/ai-agent-learning-map,2026-09-01,3,2,1,1
Nixz0824/ai-agent-learning-map,2026-09-02,0,0,0,0
Nixz0824/ai-agent-learning-map,2026-09-03,0,0,0,0
Nixz0824/ai-agent-learning-map,2026-09-04,0,0,0,0
Nixz0824/ai-agent-learning-map,2026-09-05,0,0,0,0
Nixz0824/ai-agent-learning-map,2026-09-06,0,0,1,1
Nixz0824/ai-agent-learning-map,2026-09-07,0,0,0,0
Nixz0824/ai-agent-learning-map,2026-09-08,2,2,0,0
Nixz0824/ai-agent-learning-map,2026-09-09,0,0,1,1
Nixz0824/ai-agent-learning-map,2026-09-10,0,0,0,0
Nixz0824/ai-agent-learning-map,2026-09-11,1,1,0,0
Nixz0824/ai-agent-learning-map,2026-09-12,0,0,1,1
Nixz0824/ai-agent-learning-map,2026-09-13,0,0,0,0
Nixz0824/ai-agent-learning-map,2026-09-14,0,0,0,0
Nixz0824/ai-agent-learning-map,2026-09-15,0,0,0,0
Nixz0824/ai-agent-learning-map,2026-09-16,0,0,0,0
Nixz0824/ai-agent-learning-map,2026-09-17,1,1,0,0
Nixz0824/ai-agent-learning-map,2026-09-18,0,0,0,0
Nixz0824/ai-agent-learning-map,2026-09-19,0,0,0,0
Nixz0824/awesome-dsh-plugin,2026-08-23,0,0,0,0
Nixz0824/awesome-dsh-plugin,2026-08-24,0,0,1,1
Nixz0824/awesome-dsh-plugin,2026-08-25,0,0,0,0
Nixz0824/awesome-dsh-plugin,2026-08-26,0,0,1,1
Nixz0824/awesome-dsh-plugin,2026-08-27,0,0,0,0
Nixz0824/awesome-dsh-plugin,2026-08-28,0,0,1,1
Nixz0824/awesome-dsh-plugin,2026-08-29,0,0,0,0
Nixz0824/awesome-dsh-plugin,2026-08-30,0,0,1,1
Nixz0824/awesome-dsh-plugin,2026-08-31,0,0,0,0
Nixz0824/awesome-dsh-plugin,2026-09-01,0,0,0,0
Nixz0824/awesome-dsh-plugin,2026-09-02,0,0,0,0
Nixz0824/awesome-dsh-plugin,2026-09-03,0,0,1,1
Nixz0824/awesome-dsh-plugin,2026-09-04,0,0,0,0
Nixz0824/awesome-dsh-plugin,2026-09-05,0,0,0,0
Nixz0824/awesome-dsh-plugin,2026-09-06,0,0,0,0
Nixz0824/awesome-dsh-plugin,2026-09-07,0,0,1,1
Nixz0824/awesome-dsh-plugin,2026-09-08,0,0,0,0
Nixz0824/awesome-dsh-plugin,2026-09-09,0,0,1,1
Nixz0824/awesome-dsh-plugin,2026-09-10,0,0,0,0
Nixz0824/awesome-dsh-plugin,2026-09-11,0,0,0,0
Nixz0824/awesome-dsh-plugin,2026-09-12,0,0,1,1
Nixz0824/awesome-dsh-plugin,2026-09-13,0,0,1,1
Nixz0824/awesome-dsh-plugin,2026-09-14,0,0,0,0
Nixz0824/awesome-dsh-plugin,2026-09-15,0,0,0,0
Nixz0824/awesome-dsh-plugin,2026-09-16,0,0,0,0
Nixz0824/awesome-dsh-plugin,2026-09-17,0,0,0,0
Nixz0824/awesome-dsh-plugin,2026-09-18,0,0,0,0
Nixz0824/awesome-dsh-plugin,2026-09-19,0,0,0,0
Nixz0824/dsh-composer-alcove,2026-08-25,0,0,0,0
Nixz0824/dsh-composer-alcove,2026-08-26,0,0,1,1
Nixz0824/dsh-composer-alcove,2026-08-27,0,0,1,1
Nixz0824/dsh-composer-alcove,2026-08-28,0,0,0,0
Nixz0824/dsh-composer-alcove,2026-08-29,0,0,11,6
Nixz0824/dsh-composer-alcove,2026-08-30,0,0,3,3
Nixz0824/dsh-composer-alcove,2026-08-31,0,0,4,4
Nixz0824/dsh-composer-alcove,2026-09-01,0,0,1,1
Nixz0824/dsh-composer-alcove,2026-09-02,1,1,0,0
Nixz0824/dsh-composer-alcove,2026-09-03,0,0,1,1
Nixz0824/dsh-composer-alcove,2026-09-04,0,0,1,1
Nixz0824/dsh-composer-alcove,2026-09-05,0,0,0,0
Nixz0824/dsh-composer-alcove,2026-09-06,4,1,0,0
Nixz0824/dsh-composer-alcove,2026-09-07,0,0,2,2
Nixz0824/dsh-composer-alcove,2026-09-08,1,1,0,0
Nixz0824/dsh-composer-alcove,2026-09-09,3,2,0,0
Nixz0824/dsh-composer-alcove,2026-09-10,0,0,3,2
Nixz0824/dsh-composer-alcove,2026-09-11,0,0,0,0
Nixz0824/dsh-composer-alcove,2026-09-12,0,0,1,1
Nixz0824/dsh-composer-alcove,2026-09-13,0,0,1,1
Nixz0824/dsh-composer-alcove,2026-09-14,0,0,1,1
Nixz0824/dsh-composer-alcove,2026-09-15,0,0,0,0
Nixz0824/dsh-composer-alcove,2026-09-16,2,2,0,0
Nixz0824/dsh-composer-alcove,2026-09-17,0,0,1,1
Nixz0824/dsh-composer-alcove,2026-09-18,0,0,0,0
Nixz0824/dsh-composer-alcove,2026-09-19,0,0,0,0
Nixz0824/dsh-sound-cue,2026-08-23,2,2,1,1
Nixz0824/dsh-sound-cue,2026-08-24,5,3,4,3
Nixz0824/dsh-sound-cue,2026-08-25,2,1,1,1
Nixz0824/dsh-sound-cue,2026-08-26,4,2,2,2
Nixz0824/dsh-sound-cue,2026-08-27,3,1,2,1
Nixz0824/dsh-sound-cue,2026-08-28,0,0,3,2
Nixz0824/dsh-sound-cue,2026-08-29,1,1,2,2
Nixz0824/dsh-sound-cue,2026-08-30,4,1,1,1
Nixz0824/dsh-sound-cue,2026-08-31,2,2,3,3
Nixz0824/dsh-sound-cue,2026-09-01,2,2,2,1
Nixz0824/dsh-sound-cue,2026-09-02,1,1,1,1
Nixz0824/dsh-sound-cue,2026-09-03,10,2,0,0
Nixz0824/dsh-sound-cue,2026-09-04,0,0,1,1
Nixz0824/dsh-sound-cue,2026-09-05,11,2,1,1
Nixz0824/dsh-sound-cue,2026-09-06,3,1,0,0
Nixz0824/dsh-sound-cue,2026-09-07,0,0,2,2
Nixz0824/dsh-sound-cue,2026-09-08,0,0,1,1
Nixz0824/dsh-sound-cue,2026-09-09,3,1,1,1
Nixz0824/dsh-sound-cue,2026-09-10,0,0,0,0
Nixz0824/dsh-sound-cue,2026-09-11,1,1,0,0
Nixz0824/dsh-sound-cue,2026-09-12,0,0,1,1
Nixz0824/dsh-sound-cue,2026-09-13,1,1,0,0
Nixz0824/dsh-sound-cue,2026-09-14,0,0,0,0
Nixz0824/dsh-sound-cue,2026-09-15,0,0,0,0
Nixz0824/dsh-sound-cue,2026-09-16,0,0,0,0
Nixz0824/dsh-sound-cue,2026-09-17,17,2,6,4
Nixz0824/dsh-sound-cue,2026-09-18,1,1,0,0
Nixz0824/dsh-sound-cue,2026-09-19,0,0,0,0
Nixz0824/dsh-usage-stats-plus,2026-08-23,8,7,1,1
Nixz0824/dsh-usage-stats-plus,2026-08-24,17,11,6,4
Nixz0824/dsh-usage-stats-plus,2026-08-25,3,3,4,3
Nixz0824/dsh-usage-stats-plus,2026-08-26,6,6,1,1
Nixz0824/dsh-usage-stats-plus,2026-08-27,9,6,3,2
Nixz0824/dsh-usage-stats-plus,2026-08-28,5,5,4,3
Nixz0824/dsh-usage-stats-plus,2026-08-29,3,3,3,3
Nixz0824/dsh-usage-stats-plus,2026-08-30,0,0,0,0
Nixz0824/dsh-usage-stats-plus,2026-08-31,5,5,3,3
Nixz0824/dsh-usage-stats-plus,2026-09-01,10,6,2,1
Nixz0824/dsh-usage-stats-plus,2026-09-02,1,1,1,1
Nixz0824/dsh-usage-stats-plus,2026-09-03,2,2,2,2
Nixz0824/dsh-usage-stats-plus,2026-09-04,1,1,2,2
Nixz0824/dsh-usage-stats-plus,2026-09-05,2,2,2,1
Nixz0824/dsh-usage-stats-plus,2026-09-06,9,6,0,0
Nixz0824/dsh-usage-stats-plus,2026-09-07,1,1,2,2
Nixz0824/dsh-usage-stats-plus,2026-09-08,0,0,2,2
Nixz0824/dsh-usage-stats-plus,2026-09-09,7,4,2,2
Nixz0824/dsh-usage-stats-plus,2026-09-10,5,5,0,0
Nixz0824/dsh-usage-stats-plus,2026-09-11,2,2,0,0
Nixz0824/dsh-usage-stats-plus,2026-09-12,4,4,1,1
Nixz0824/dsh-usage-stats-plus,2026-09-13,1,1,1,1
Nixz0824/dsh-usage-stats-plus,2026-09-14,2,2,0,0
Nixz0824/dsh-usage-stats-plus,2026-09-15,2,1,1,1
Nixz0824/dsh-usage-stats-plus,2026-09-16,2,2,0,0
Nixz0824/dsh-usage-stats-plus,2026-09-17,1,1,0,0
Nixz0824/dsh-usage-stats-plus,2026-09-18,0,0,0,0
Nixz0824/dsh-usage-stats-plus,2026-09-19,8,1,0,0
Nixz0824/jinitaimei-camera-school,2026-08-23,0,0,0,0
Nixz0824/jinitaimei-camera-school,2026-08-24,0,0,0,0
Nixz0824/jinitaimei-camera-school,2026-08-25,0,0,0,0
Nixz0824/jinitaimei-camera-school,2026-08-26,0,0,1,1
Nixz0824/jinitaimei-camera-school,2026-08-27,0,0,0,0
Nixz0824/jinitaimei-camera-school,2026-08-28,0,0,0,0
Nixz0824/jinitaimei-camera-school,2026-08-29,0,0,1,1
Nixz0824/jinitaimei-camera-school,2026-08-30,0,0,0,0
Nixz0824/jinitaimei-camera-school,2026-08-31,0,0,1,1
Nixz0824/jinitaimei-camera-school,2026-09-01,0,0,1,1
Nixz0824/jinitaimei-camera-school,2026-09-02,0,0,0,0
Nixz0824/jinitaimei-camera-school,2026-09-03,1,1,1,1
Nixz0824/jinitaimei-camera-school,2026-09-04,0,0,1,1
Nixz0824/jinitaimei-camera-school,2026-09-05,0,0,0,0
Nixz0824/jinitaimei-camera-school,2026-09-06,0,0,0,0
Nixz0824/jinitaimei-camera-school,2026-09-07,1,1,1,1
Nixz0824/jinitaimei-camera-school,2026-09-08,0,0,0,0
Nixz0824/jinitaimei-camera-school,2026-09-09,0,0,0,0
Nixz0824/jinitaimei-camera-school,2026-09-10,0,0,0,0
Nixz0824/jinitaimei-camera-school,2026-09-11,0,0,0,0
Nixz0824/jinitaimei-camera-school,2026-09-12,0,0,2,2
Nixz0824/jinitaimei-camera-school,2026-09-13,0,0,0,0
Nixz0824/jinitaimei-camera-school,2026-09-14,0,0,0,0
Nixz0824/jinitaimei-camera-school,2026-09-15,0,0,0,0
Nixz0824/jinitaimei-camera-school,2026-09-16,0,0,0,0
Nixz0824/jinitaimei-camera-school,2026-09-17,0,0,0,0
Nixz0824/jinitaimei-camera-school,2026-09-18,0,0,0,0
Nixz0824/rag-jev,2026-09-07,0,0,0,0
Nixz0824/rag-jev,2026-09-08,0,0,0,0
Nixz0824/rag-jev,2026-09-09,0,0,0,0
Nixz0824/rag-jev,2026-09-10,0,0,0,0
Nixz0824/rag-jev,2026-09-11,0,0,0,0
Nixz0824/rag-jev,2026-09-12,0,0,0,0
Nixz0824/rag-jev,2026-09-13,0,0,0,0
Nixz0824/rag-jev,2026-09-14,0,0,0,0
Nixz0824/rag-jev,2026-09-15,0,0,0,0
Nixz0824/rag-jev,2026-09-16,0,0,0,0
Nixz0824/rag-jev,2026-09-17,0,0,0,0
Nixz0824/rag-jev,2026-09-18,0,0,0,0
Nixz0824/rag-jev,2026-09-19,0,0,0,0
Nixz0824/rag-jev,2026-09-20,0,0,0,0
Nixz0824/repo-traffic-stats,2026-08-26,0,0,0,0
Nixz0824/repo-traffic-stats,2026-08-27,0,0,0,0
Nixz0824/repo-traffic-stats,2026-08-28,0,0,0,0
Nixz0824/repo-traffic-stats,2026-08-29,0,0,0,0
Nixz0824/repo-traffic-stats,2026-08-30,0,0,0,0
Nixz0824/repo-traffic-stats,2026-08-31,0,0,0,0
Nixz0824/repo-traffic-stats,2026-09-01,0,0,0,0
Nixz0824/repo-traffic-stats,2026-09-02,0,0,0,0
Nixz0824/repo-traffic-stats,2026-09-03,0,0,0,0
Nixz0824/repo-traffic-stats,2026-09-04,0,0,0,0
Nixz0824/repo-traffic-stats,2026-09-05,0,0,0,0
Nixz0824/repo-traffic-stats,2026-09-06,0,0,0,0
Nixz0824/repo-traffic-stats,2026-09-07,0,0,0,0
Nixz0824/repo-traffic-stats,2026-09-08,9,1,57,31
Nixz0824/repo-traffic-stats,2026-09-09,3,1,8,5
Nixz0824/repo-traffic-stats,2026-09-10,0,0,6,3
Nixz0824/repo-traffic-stats,2026-09-11,0,0,7,4
Nixz0824/repo-traffic-stats,2026-09-12,0,0,8,5
Nixz0824/repo-traffic-stats,2026-09-13,0,0,10,7
Nixz0824/repo-traffic-stats,2026-09-14,0,0,7,4
Nixz0824/repo-traffic-stats,2026-09-15,0,0,6,3
Nixz0824/repo-traffic-stats,2026-09-16,0,0,23,13
Nixz0824/repo-traffic-stats,2026-09-17,0,0,8,5
Nixz0824/repo-traffic-stats,2026-09-18,0,0,17,10
Nixz0824/repo-traffic-stats,2026-09-19,0,0,18,10
Nixz0824/zx-ai-gallery,2026-08-25,0,0,2,2
Nixz0824/zx-ai-gallery,2026-08-26,0,0,0,0
Nixz0824/zx-ai-gallery,2026-08-27,0,0,0,0
Nixz0824/zx-ai-gallery,2026-08-28,1,1,15,5
Nixz0824/zx-ai-gallery,2026-08-29,1,1,1,1
Nixz0824/zx-ai-gallery,2026-08-30,0,0,0,0
Nixz0824/zx-ai-gallery,2026-08-31,0,0,1,1
Nixz0824/zx-ai-gallery,2026-09-01,0,0,1,1
Nixz0824/zx-ai-gallery,2026-09-02,0,0,0,0
Nixz0824/zx-ai-gallery,2026-09-03,0,0,0,0
Nixz0824/zx-ai-gallery,2026-09-04,0,0,1,1
Nixz0824/zx-ai-gallery,2026-09-05,0,0,0,0
Nixz0824/zx-ai-gallery,2026-09-06,0,0,0,0
Nixz0824/zx-ai-gallery,2026-09-07,0,0,0,0
Nixz0824/zx-ai-gallery,2026-09-08,0,0,0,0
Nixz0824/zx-ai-gallery,2026-09-09,0,0,1,1
Nixz0824/zx-ai-gallery,2026-09-10,0,0,1,1
Nixz0824/zx-ai-gallery,2026-09-11,0,0,2,2
Nixz0824/zx-ai-gallery,2026-09-12,0,0,1,1
Nixz0824/zx-ai-gallery,2026-09-13,0,0,0,0
Nixz0824/zx-ai-gallery,2026-09-14,0,0,0,0
Nixz0824/zx-ai-gallery,2026-09-15,0,0,0,0
Nixz0824/zx-ai-gallery,2026-09-16,0,0,1,1
Nixz0824/zx-ai-gallery,2026-09-17,0,0,0,0
Nixz0824/zx-ai-gallery,2026-09-18,0,0,0,0
Nixz0824/zx-ai-gallery,2026-09-19,0,0,0,0
